
---INCLUA LINHAS NA TABELA ESTADO,CIDADE,BAIRRO,VENDEDOR,IMOVEL,COMPRADOR,OFERTA

INSERT INTO ESTADO(SGESTADO,NMESTADO)
	VALUES ('SP','SAO PAULO');

INSERT INTO ESTADO(SGESTADO,NMESTADO)
	VALUES ('RJ','RIO DE JANEIRO');



INSERT INTO CIDADE(CDCIDADE,SGESTADO,NMCIDADE)
	VALUES (1,'SP','SÃO PAULO');

INSERT INTO CIDADE(CDCIDADE,SGESTADO,NMCIDADE)
	VALUES(2,'SP','SANTO ANDRE');

INSERT INTO CIDADE(CDCIDADE,SGESTADO,NMCIDADE)
	VALUES(3,'SP','CAMPINAS');

INSERT INTO CIDADE(CDCIDADE,SGESTADO,NMCIDADE)
	VALUES(1,'RJ','RIO DE JANEIRO');

INSERT INTO CIDADE(CDCIDADE,SGESTADO,NMCIDADE)
	VALUES(3,'RJ','NITERÓI');



INSERT INTO BAIRRO(CDBAIRRO,CDCIDADE,SGESTADO,NMBAIRRO)
	VALUES(1,1,'SP','JARDINS');

INSERT INTO BAIRRO(CDBAIRRO,CDCIDADE,SGESTADO,NMBAIRRO)
	VALUES(2,1,'SP','MORUMBI');

INSERT INTO BAIRRO(CDBAIRRO,CDCIDADE,SGESTADO,NMBAIRRO)
	VALUES(3,1,'SP','AEROPORTO');

INSERT INTO BAIRRO(CDBAIRRO,CDCIDADE,SGESTADO,NMBAIRRO)
	VALUES(1,1,'RJ','AEROPORTO');

INSERT INTO BAIRRO(CDBAIRRO,CDCIDADE,SGESTADO,NMBAIRRO)
	VALUES(2,1,'RJ','FLAMENGO');



INSERT INTO VENDEDOR(CDVENDEDOR,NMVENDEDOR,NMENDERECO,EMAIL)
	VALUES(1,'Martia da Silva','Rua do Grito,45','msilva@novatec.com.br');

INSERT INTO VENDEDOR(CDVENDEDOR,NMVENDEDOR,NMENDERECO,EMAIL)
	VALUES(2,'Marcos Andrade','Avenida da Saudade,325','mandrade@novatec.com.br');

INSERT INTO VENDEDOR(CDVENDEDOR,NMVENDEDOR,NMENDERECO,EMAIL)
	VALUES(3,'Andre Cardoso','Avenida Brasil,401','acardoso@novatec.com.br');

INSERT INTO VENDEDOR(CDVENDEDOR,NMVENDEDOR,NMENDERECO,EMAIL)
	VALUES(4,'Tatiana Souza','Rua do Imperador,778','tsouza@novatec.com.br');



INSERT INTO IMOVEL(CDIMOVEL,CDVENDEDOR,CDBAIRRO,CDCIDADE,SGESTADO,NMENDEREÇO,NRAREAUTIL,NRAREATOTAL,VLPRECO,DTLANCTO)
	VALUES(1,1,1,1,'SP','AL TIETE,3304 AP 101',250,400,180000,'05/11/2001');
	
INSERT INTO IMOVEL(CDIMOVEL,CDVENDEDOR,CDBAIRRO,CDCIDADE,SGESTADO,NMENDEREÇO,NRAREAUTIL,NRAREATOTAL,VLPRECO,DTLANCTO)
	VALUES(2,1,2,1,'SP','AV MORUMBI,2230',150,250,135000,'05/12/2001');

INSERT INTO IMOVEL(CDIMOVEL,CDVENDEDOR,CDBAIRRO,CDCIDADE,SGESTADO,NMENDEREÇO,NRAREAUTIL,NRAREATOTAL,VLPRECO,DTLANCTO)
	VALUES(3,2,1,1,'RJ','R GAL OSORIO, 445 AP 34',250,400,185000,'15/01/2002');

INSERT INTO IMOVEL(CDIMOVEL,CDVENDEDOR,CDBAIRRO,CDCIDADE,SGESTADO,NMENDEREÇO,NRAREAUTIL,NRAREATOTAL,VLPRECO,DTLANCTO)
	VALUES(4,2,2,1,'RJ','RUA D PEDRO I, 882',120,200,110000,'15/01/2002');

INSERT INTO IMOVEL(CDIMOVEL,CDVENDEDOR,CDBAIRRO,CDCIDADE,SGESTADO,NMENDEREÇO,NRAREAUTIL,NRAREATOTAL,VLPRECO,DTLANCTO)
	VALUES(5,3,3,1,'SP','AV RUBEM BERTA,2355',110,200,95000,'05/12/2001');

INSERT INTO IMOVEL(CDIMOVEL,CDVENDEDOR,CDBAIRRO,CDCIDADE,SGESTADO,NMENDEREÇO,NRAREAUTIL,NRAREATOTAL,VLPRECO,DTLANCTO)
	VALUES(6,4,1,1,'RJ','R GETULIO VARGAS,552',200,300,99000,'10/02/2002');



INSERT INTO COMPRADOR(CDCOMPRADOR,NMCOMPRADOR,NMENDERECO,EMAIL)
	VALUES(1,'Emmanuel Antunes','R SARAIVA,452','eantunes@novatec.com.br');

INSERT INTO COMPRADOR(CDCOMPRADOR,NMCOMPRADOR,NMENDERECO,EMAIL)
	VALUES(2,'Joana Pereira','AV PORTUGAL,52','jpereira@novatec.com.br');

INSERT INTO COMPRADOR(CDCOMPRADOR,NMCOMPRADOR,NMENDERECO,EMAIL)
	VALUES(3,'Ronaldo Campelo','R ESTADOS UNIDOS,790','rcaampelo@novatec.com.br');

INSERT INTO COMPRADOR(CDCOMPRADOR,NMCOMPRADOR,NMENDERECO,EMAIL)
	VALUES(4,'Manfred Augusto','AV BRASIL,351','maugusto@novatec.com.br');



INSERT INTO OFERTA(CDCOMPRADOR,CDIMOVEL,VLOFERTA,DTOFERTA)
	VALUES(1,1,170000,'10/01/2002');

INSERT INTO OFERTA(CDCOMPRADOR,CDIMOVEL,VLOFERTA,DTOFERTA)
	VALUES(1,3,180000,'10/01/2002');

INSERT INTO OFERTA(CDCOMPRADOR,CDIMOVEL,VLOFERTA,DTOFERTA)
	VALUES(2,2,135000,'15/02/2002');

INSERT INTO OFERTA(CDCOMPRADOR,CDIMOVEL,VLOFERTA,DTOFERTA)
	VALUES(2,4,100000,'15/02/2002');

INSERT INTO OFERTA(CDCOMPRADOR,CDIMOVEL,VLOFERTA,DTOFERTA)
	VALUES(3,1,160000,'05/01/2002');

INSERT INTO OFERTA(CDCOMPRADOR,CDIMOVEL,VLOFERTA,DTOFERTA)
	VALUES(3,2,140000,'20/02/2002');




---AUMENTE O PREÇO DA VENDA DOS IMÓVEIS EM 10%.:

UPDATE IMOVEL
	SET VLPRECO = VLPRECO * 1.1

---ABAIXE O PREÇO DA VENDA DOS IMOVEIS DO VENDEDOR 1 EM 5%.:

UPDATE IMOVEL
	SET VLPRECO = VLPRECO * .95
	WHERE CDVENDEDOR = 1

---AUMENTE EM 5% O VALOR DAS OFERTAS DO COMPRADOR 2.:

UPDATE OFERTA
	SET VLOFERTA = VLOFERTA * 1.05 
	WHERE CDCOMPRADOR = 2

---ALTERE O ENDEREÇO DO COMPRADOR 3 PARA R ANANÁS,45 E O ESTADO PARA RJ.:

UPDATE COMPRADOR
	SET NMENDERECO = 'R ANANÁS,45', SGESTADO = 'RJ'
	WHERE CDCOMPRADOR = 3

---ALTERE A OFERTA DO COMPRADOR 2 NO IMOVEL 4 PARA 101000.:

UPDATE OFERTA
	SET VLOFERTA = 101000
	WHERE CDCOMPRADOR = 2 AND CDIMOVEL = 4

---EXCLUA A OFERTA DO COMPRADOR 3 NO IMOVEL 1.:

DELETE FROM OFERTA
	WHERE CDCOMPRADOR = 3 AND CDIMOVEL = 1

---EXCLUA A CIDADE 3 DO ESTADO SP.:

DELETE FROM CIDADE
	WHERE CDCIDADE = 3 AND SGESTADO = 'SP'

---INCLUA LINHAS NA TABELA FAIXA_IMOVEL.:

INSERT INTO FAIXA_IMOVEL(CDFAIXA,NMFAIXA,VLMINIMO,VLMAXIMO)
	VALUES(1,'BAIXO',0,105000)

INSERT INTO FAIXA_IMOVEL(CDFAIXA,NMFAIXA,VLMINIMO,VLMAXIMO)
	VALUES(2,'MÉDIO',105001,180000)

INSERT INTO FAIXA_IMOVEL(CDFAIXA,NMFAIXA,VLMINIMO,VLMAXIMO)
	VALUES (3,'ALTO',180001,999999)













































































































































































~~


































IIIIIIIIIIIIIIIIIIIIIIIIIIIIIIIIIIIIIIIII